[{"model": "admin.logentry", "pk": 1, "fields": {"action_time": "2021-04-07T23:37:26.656Z", "user": 1, "content_type": 7, "object_id": "1", "object_repr": "iPhone 11 Pro 256GB Memory", "action_flag": 1, "change_message": "[{\"added\": {}}]"}}, {"model": "admin.logentry", "pk": 2, "fields": {"action_time": "2021-04-10T03:36:21.657Z", "user": 1, "content_type": 7, "object_id": "2", "object_repr": "Airpods Wireless Bluetooth Headphones", "action_flag": 1, "change_message": "[{\"added\": {}}]"}}, {"model": "admin.logentry", "pk": 3, "fields": {"action_time": "2021-04-10T03:37:38.976Z", "user": 1, "content_type": 7, "object_id": "3", "object_repr": "Cannon EOS 80D DSLR Camera", "action_flag": 1, "change_message": "[{\"added\": {}}]"}}, {"model": "admin.logentry", "pk": 4, "fields": {"action_time": "2021-04-10T03:38:34.081Z", "user": 1, "content_type": 7, "object_id": "4", "object_repr": "Sony Playstation 4 Pro White Version", "action_flag": 1, "change_message": "[{\"added\": {}}]"}}, {"model": "admin.logentry", "pk": 5, "fields": {"action_time": "2021-04-10T03:39:42.165Z", "user": 1, "content_type": 7, "object_id": "5", "object_repr": "Logitech G-Series Gaming Mouse", "action_flag": 1, "change_message": "[{\"added\": {}}]"}}, {"model": "admin.logentry", "pk": 6, "fields": {"action_time": "2021-04-10T03:40:51.276Z", "user": 1, "content_type": 7, "object_id": "6", "object_repr": "Amazon Echo Dot 3rd Generation", "action_flag": 1, "change_message": "[{\"added\": {}}]"}}, {"model": "admin.logentry", "pk": 7, "fields": {"action_time": "2021-04-16T12:16:31.834Z", "user": 1, "content_type": 4, "object_id": "2", "object_repr": "pragya", "action_flag": 1, "change_message": "[{\"added\": {}}]"}}, {"model": "admin.logentry", "pk": 8, "fields": {"action_time": "2021-04-16T12:16:42.448Z", "user": 1, "content_type": 4, "object_id": "2", "object_repr": "pragya", "action_flag": 2, "change_message": "[{\"changed\": {\"fields\": [\"First name\"]}}]"}}, {"model": "admin.logentry", "pk": 9, "fields": {"action_time": "2021-04-22T00:58:25.687Z", "user": 1, "content_type": 4, "object_id": "1", "object_repr": "dahalbhawan@gmail.com", "action_flag": 2, "change_message": "[{\"changed\": {\"fields\": [\"First name\"]}}]"}}, {"model": "admin.logentry", "pk": 10, "fields": {"action_time": "2021-04-22T00:58:36.173Z", "user": 1, "content_type": 4, "object_id": "2", "object_repr": "pragya", "action_flag": 2, "change_message": "[]"}}, {"model": "admin.logentry", "pk": 11, "fields": {"action_time": "2021-04-22T00:58:43.631Z", "user": 1, "content_type": 4, "object_id": "2", "object_repr": "pragya", "action_flag": 2, "change_message": "[]"}}, {"model": "admin.logentry", "pk": 12, "fields": {"action_time": "2021-04-22T00:58:55.533Z", "user": 1, "content_type": 4, "object_id": "2", "object_repr": "pragya", "action_flag": 2, "change_message": "[{\"changed\": {\"fields\": [\"First name\"]}}]"}}, {"model": "admin.logentry", "pk": 13, "fields": {"action_time": "2021-04-22T00:59:13.153Z", "user": 1, "content_type": 4, "object_id": "2", "object_repr": "basnet.prajnaaa@gmail.com", "action_flag": 2, "change_message": "[{\"changed\": {\"fields\": [\"First name\", \"Email address\"]}}]"}}, {"model": "admin.logentry", "pk": 14, "fields": {"action_time": "2021-04-26T01:24:32.682Z", "user": 1, "content_type": 4, "object_id": "3", "object_repr": "john@gmail.com", "action_flag": 2, "change_message": "[]"}}, {"model": "admin.logentry", "pk": 15, "fields": {"action_time": "2021-04-26T01:24:51.041Z", "user": 1, "content_type": 4, "object_id": "3", "object_repr": "john@gmail.com", "action_flag": 2, "change_message": "[{\"changed\": {\"fields\": [\"password\"]}}]"}}, {"model": "admin.logentry", "pk": 16, "fields": {"action_time": "2021-08-15T08:00:01.363Z", "user": 1, "content_type": 8, "object_id": "2", "object_repr": "2021-08-15 07:56:35.788135+00:00", "action_flag": 2, "change_message": "[{\"changed\": {\"fields\": [\"User\"]}}]"}}, {"model": "admin.logentry", "pk": 17, "fields": {"action_time": "2021-08-15T08:00:16.178Z", "user": 1, "content_type": 11, "object_id": "2", "object_repr": "Cannon EOS 80D DSLR Camera", "action_flag": 3, "change_message": ""}}, {"model": "admin.logentry", "pk": 18, "fields": {"action_time": "2021-08-16T09:07:36.492Z", "user": 1, "content_type": 7, "object_id": "3", "object_repr": "Cannon EOS 80D DSLR Camera", "action_flag": 2, "change_message": "[{\"changed\": {\"fields\": [\"CountInStock\"]}}]"}}, {"model": "admin.logentry", "pk": 19, "fields": {"action_time": "2021-08-16T09:09:04.153Z", "user": 1, "content_type": 7, "object_id": "2", "object_repr": "Airpods Wireless Bluetooth Headphones", "action_flag": 2, "change_message": "[{\"changed\": {\"fields\": [\"CountInStock\"]}}]"}}, {"model": "admin.logentry", "pk": 20, "fields": {"action_time": "2021-08-19T01:48:36.595Z", "user": 1, "content_type": 7, "object_id": "2", "object_repr": "Airpods Wireless Bluetooth Headphones", "action_flag": 2, "change_message": "[{\"changed\": {\"fields\": [\"CountInStock\"]}}]"}}, {"model": "admin.logentry", "pk": 21, "fields": {"action_time": "2021-08-19T02:14:01.848Z", "user": 1, "content_type": 7, "object_id": "6", "object_repr": "Amazon Echo Dot 3rd Generation", "action_flag": 2, "change_message": "[{\"changed\": {\"fields\": [\"CountInStock\"]}}]"}}, {"model": "admin.logentry", "pk": 22, "fields": {"action_time": "2021-08-20T13:33:40.529Z", "user": 1, "content_type": 7, "object_id": "7", "object_repr": "Apple Macbook Pro", "action_flag": 1, "change_message": "[{\"added\": {}}]"}}, {"model": "admin.logentry", "pk": 23, "fields": {"action_time": "2021-08-20T23:16:44.631Z", "user": 1, "content_type": 7, "object_id": "8", "object_repr": "Macbook Pro", "action_flag": 1, "change_message": "[{\"added\": {}}]"}}, {"model": "admin.logentry", "pk": 24, "fields": {"action_time": "2021-08-21T02:27:55.469Z", "user": 1, "content_type": 7, "object_id": "9", "object_repr": "Macbook Pro", "action_flag": 1, "change_message": "[{\"added\": {}}]"}}, {"model": "admin.logentry", "pk": 25, "fields": {"action_time": "2021-08-21T02:58:04.603Z", "user": 1, "content_type": 7, "object_id": "10", "object_repr": "Macbook Pro", "action_flag": 1, "change_message": "[{\"added\": {}}]"}}, {"model": "admin.logentry", "pk": 26, "fields": {"action_time": "2021-08-21T03:02:12.084Z", "user": 1, "content_type": 7, "object_id": "11", "object_repr": "Macbook Pro", "action_flag": 1, "change_message": "[{\"added\": {}}]"}}, {"model": "admin.logentry", "pk": 27, "fields": {"action_time": "2021-08-21T03:09:51.295Z", "user": 1, "content_type": 7, "object_id": "12", "object_repr": "Macbook Pro", "action_flag": 1, "change_message": "[{\"added\": {}}]"}}, {"model": "admin.logentry", "pk": 28, "fields": {"action_time": "2021-08-21T03:16:48.030Z", "user": 1, "content_type": 4, "object_id": "11", "object_repr": "shyam@email.com", "action_flag": 1, "change_message": "[{\"added\": {}}]"}}, {"model": "admin.logentry", "pk": 29, "fields": {"action_time": "2021-08-21T03:16:58.885Z", "user": 1, "content_type": 4, "object_id": "11", "object_repr": "shyam@email.com", "action_flag": 2, "change_message": "[{\"changed\": {\"fields\": [\"First name\"]}}]"}}, {"model": "admin.logentry", "pk": 30, "fields": {"action_time": "2021-08-21T03:17:40.987Z", "user": 1, "content_type": 4, "object_id": "12", "object_repr": "shyam@email.com", "action_flag": 1, "change_message": "[{\"added\": {}}]"}}, {"model": "admin.logentry", "pk": 31, "fields": {"action_time": "2021-08-21T03:17:57.490Z", "user": 1, "content_type": 4, "object_id": "12", "object_repr": "shyam@email.com", "action_flag": 2, "change_message": "[{\"changed\": {\"fields\": [\"First name\"]}}]"}}, {"model": "admin.logentry", "pk": 32, "fields": {"action_time": "2021-08-21T03:18:19.246Z", "user": 1, "content_type": 4, "object_id": "12", "object_repr": "shyam@email.com", "action_flag": 2, "change_message": "[{\"changed\": {\"fields\": [\"Email address\"]}}]"}}, {"model": "admin.logentry", "pk": 33, "fields": {"action_time": "2021-08-21T03:33:01.447Z", "user": 1, "content_type": 7, "object_id": "7", "object_repr": "Macbook Pro", "action_flag": 1, "change_message": "[{\"added\": {}}]"}}, {"model": "admin.logentry", "pk": 34, "fields": {"action_time": "2021-08-22T02:48:25.241Z", "user": 1, "content_type": 8, "object_id": "1", "object_repr": "2021-08-15 07:54:27.832303+00:00", "action_flag": 3, "change_message": ""}}, {"model": "admin.logentry", "pk": 35, "fields": {"action_time": "2021-08-28T09:00:02.487Z", "user": 1, "content_type": 10, "object_id": "1", "object_repr": "4", "action_flag": 1, "change_message": "[{\"added\": {}}]"}}, {"model": "admin.logentry", "pk": 36, "fields": {"action_time": "2021-08-28T09:23:13.662Z", "user": 1, "content_type": 10, "object_id": "1", "object_repr": "None (4)", "action_flag": 2, "change_message": "[{\"changed\": {\"fields\": [\"Name\"]}}]"}}, {"model": "admin.logentry", "pk": 37, "fields": {"action_time": "2021-08-28T09:25:51.550Z", "user": 1, "content_type": 10, "object_id": "1", "object_repr": "Harry Doe (4)", "action_flag": 2, "change_message": "[{\"changed\": {\"fields\": [\"Name\"]}}]"}}, {"model": "admin.logentry", "pk": 38, "fields": {"action_time": "2021-08-28T10:49:35.445Z", "user": 1, "content_type": 10, "object_id": "2", "object_repr": "Ram Kumar (4)", "action_flag": 2, "change_message": "[{\"changed\": {\"fields\": [\"Rating\", \"Comment\"]}}]"}}, {"model": "admin.logentry", "pk": 39, "fields": {"action_time": "2021-08-28T11:05:07.282Z", "user": 1, "content_type": 10, "object_id": "4", "object_repr": "Pragya Basnet (5)", "action_flag": 2, "change_message": "[{\"changed\": {\"fields\": [\"Comment\"]}}]"}}, {"model": "admin.logentry", "pk": 40, "fields": {"action_time": "2021-08-28T12:18:21.681Z", "user": 1, "content_type": 10, "object_id": "6", "object_repr": "Pragya Basnet (1)", "action_flag": 3, "change_message": ""}}, {"model": "admin.logentry", "pk": 41, "fields": {"action_time": "2021-08-28T12:20:47.228Z", "user": 1, "content_type": 10, "object_id": "7", "object_repr": "Pragya Basnet (1)", "action_flag": 3, "change_message": ""}}, {"model": "auth.user", "pk": 1, "fields": {"password": "pbkdf2_sha256$216000$64qkLFVPl6Dc$QBztPACJc6tsUCv1vC7mwW8ucmBvZy+JBkqs0wmihsw=", "last_login": "2021-08-28T08:58:48.444Z", "is_superuser": true, "username": "dahalbhawan@gmail.com", "first_name": "Bhawan Mani Dahal", "last_name": "", "email": "dahalbhawan@gmail.com", "is_staff": true, "is_active": true, "date_joined": "2021-04-07T00:11:47Z", "groups": [], "user_permissions": []}}, {"model": "auth.user", "pk": 2, "fields": {"password": "pbkdf2_sha256$216000$xbYv6pl3Wyso$+K9NaCqLtoXqU8kUcytjyVpZLiC/MCLZnoVjSiq2Fzo=", "last_login": null, "is_superuser": false, "username": "basnet.prajnaaa@gmail.com", "first_name": "Pragya Basnet", "last_name": "", "email": "basnet.prajnaaa@gmail.com", "is_staff": false, "is_active": true, "date_joined": "2021-04-16T12:16:31Z", "groups": [], "user_permissions": []}}, {"model": "auth.user", "pk": 4, "fields": {"password": "pbkdf2_sha256$216000$9RIBMmtewSmp$pUp+Aa2BNqeS8JdMP/Rv0MbgFFq921+vDRfE8glbCos=", "last_login": null, "is_superuser": false, "username": "jack@email.com", "first_name": "Jack Red", "last_name": "", "email": "jack@email.com", "is_staff": false, "is_active": true, "date_joined": "2021-04-16T22:56:54.986Z", "groups": [], "user_permissions": []}}, {"model": "auth.user", "pk": 5, "fields": {"password": "pbkdf2_sha256$216000$peLXJ7sRpXfi$mgvUgVk9I8NpH8+0hi7mQ1HcaY0HYBruVDglfCpi/Lw=", "last_login": null, "is_superuser": false, "username": "harry@email.com", "first_name": "Harry Page", "last_name": "", "email": "harry@email.com", "is_staff": false, "is_active": true, "date_joined": "2021-04-16T22:57:41.397Z", "groups": [], "user_permissions": []}}, {"model": "auth.user", "pk": 7, "fields": {"password": "pbkdf2_sha256$216000$RJtH4Pz5YVVp$Qnpq0CjL5FtqbqqcXbkGOFFosyQ0QIm8wiBNmW0tzdc=", "last_login": null, "is_superuser": false, "username": "ram@email.com", "first_name": "Ram Kumar", "last_name": "", "email": "ram@email.com", "is_staff": false, "is_active": true, "date_joined": "2021-04-22T00:57:30.607Z", "groups": [], "user_permissions": []}}, {"model": "sessions.session", "pk": "3kte70f917ly1qv5kfbl7waoao4j1d2y", "fields": {"session_data": ".eJxVjEEOwiAQRe_C2hAYBgou3fcMZGBQqoYmpV0Z765NutDtf-_9l4i0rTVuvSxxYnEWWpx-t0T5UdoO-E7tNss8t3WZktwVedAux5nL83K4fweVev3WLgyYQgLjChnkqwOlPVrKHKC4HMCgygjJADtmLApN8A5s0J4Hk6x4fwDIgzbq:1lapzX:K7VejGK7U2jc27I6RQ_e2W24V2sewlAdhFV-QX5cbi0", "expire_date": "2021-05-10T01:24:51.048Z"}}, {"model": "sessions.session", "pk": "8w1348a4jalaxrd3gq6utig07pm1hs9i", "fields": {"session_data": ".eJxVjEEOwiAQRe_C2hAYBgou3fcMZGBQqoYmpV0Z765NutDtf-_9l4i0rTVuvSxxYnEWWpx-t0T5UdoO-E7tNss8t3WZktwVedAux5nL83K4fweVev3WLgyYQgLjChnkqwOlPVrKHKC4HMCgygjJADtmLApN8A5s0J4Hk6x4fwDIgzbq:1mJuAq:s4Q2lR5Wf3IRtk3J4qVta1Nb1UC--p76dQ3knUItUwc", "expire_date": "2021-09-11T08:58:48.446Z"}}, {"model": "sessions.session", "pk": "w9hrdbs7xpy8j5bkylbwfnytine34ew7", "fields": {"session_data": ".eJxVjEEOwiAQRe_C2hAYBgou3fcMZGBQqoYmpV0Z765NutDtf-_9l4i0rTVuvSxxYnEWWpx-t0T5UdoO-E7tNss8t3WZktwVedAux5nL83K4fweVev3WLgyYQgLjChnkqwOlPVrKHKC4HMCgygjJADtmLApN8A5s0J4Hk6x4fwDIgzbq:1lTvnp:iRiAV2_LARxh84U5LSrFkee87iu7xMQR6CFi40ClPNw", "expire_date": "2021-04-21T00:12:13.117Z"}}, {"model": "sessions.session", "pk": "x7dogh2uk0gtbv6jfirun9it4092j3mw", "fields": {"session_data": ".eJxVjEEOwiAQRe_C2hAYBgou3fcMZGBQqoYmpV0Z765NutDtf-_9l4i0rTVuvSxxYnEWWpx-t0T5UdoO-E7tNss8t3WZktwVedAux5nL83K4fweVev3WLgyYQgLjChnkqwOlPVrKHKC4HMCgygjJADtmLApN8A5s0J4Hk6x4fwDIgzbq:1mEnO4:fuBhh2SorpqNDv2bOEwpRHQANpTgixq-bvAaCvuaQVs", "expire_date": "2021-08-28T06:43:20.324Z"}}, {"model": "base.product", "pk": 1, "fields": {"user": 1, "name": "iPhone 11 Pro 256GB Memory", "image": "phone.jpg", "brand": "Apple", "category": "Electronics", "description": "Introducing the iPhone 11 Pro. A transformative triple-camera system that adds tons of capability without complexity. An unprecedented leap in battery life", "rating": "4.00", "numReviews": 8, "price": "599.99", "countInStock": 0, "createdAt": "2021-04-07T23:37:26.654Z", "isActive": true}}, {"model": "base.product", "pk": 2, "fields": {"user": 1, "name": "Airpods Wireless Bluetooth Headphones", "image": "airpods.jpg", "brand": "Apple", "category": "Electronics", "description": "Bluetooth technology lets you connect it with compatible devices wirelessly High-quality AAC audio offers immersive listening experience Built-in microphone allows you to take calls while working", "rating": "4.50", "numReviews": 12, "price": "89.99", "countInStock": 4, "createdAt": "2021-04-10T03:36:21.655Z", "isActive": true}}, {"model": "base.product", "pk": 3, "fields": {"user": 1, "name": "Cannon EOS 80D DSLR Camera", "image": "camera.jpg", "brand": "Cannon", "category": "Electronics", "description": "Characterized by versatile imaging specs, the Canon EOS 80D further clarifies itself using a pair of robust focusing systems and an intuitive design", "rating": "3.00", "numReviews": 12, "price": "929.99", "countInStock": 0, "createdAt": "2021-04-10T03:37:38.975Z", "isActive": true}}, {"model": "base.product", "pk": 4, "fields": {"user": 1, "name": "Sony Playstation 4 Pro White Version", "image": "playstation.jpg", "brand": "Sony", "category": "Electronics", "description": "The ultimate home entertainment center starts with PlayStation. Whether you are into gaming, HD movies, television, music", "rating": "5.00", "numReviews": 12, "price": "399.99", "countInStock": 10, "createdAt": "2021-04-10T03:38:34.080Z", "isActive": true}}, {"model": "base.product", "pk": 5, "fields": {"user": 1, "name": "Logitech G-Series Gaming Mouse", "image": "mouse.jpg", "brand": "Logitech", "category": "Electronics", "description": "Get a better handle on your games with this Logitech LIGHTSYNC gaming mouse. The six programmable buttons allow customization for a smooth playing experience", "rating": "4.00", "numReviews": 3, "price": "49.99", "countInStock": 6, "createdAt": "2021-04-10T03:39:42.164Z", "isActive": true}}, {"model": "base.product", "pk": 6, "fields": {"user": 1, "name": "Amazon Echo Dot 3rd Generation", "image": "/alexa.jpg", "brand": "Amazon", "category": "Electronics", "description": "Meet Echo Dot - Our most popular smart speaker with a fabric design. It is our most compact smart speaker that fits perfectly into small space", "rating": "3.00", "numReviews": 2, "price": "29.99", "countInStock": 6, "createdAt": "2021-04-10T03:40:51.275Z", "isActive": true}}, {"model": "base.product", "pk": 21, "fields": {"user": 1, "name": "Macbook Pro", "image": "macbook.jpeg", "brand": "Apple", "category": "Electronics", "description": "2.6GHz 6-core ninth-generation Intel Core i7 processor\nTurbo Boost up to 4.5GHz\nAMD Radeon Pro 5300M with 4GB of GDDR6 memory\n16GB of 2666MHz DDR4 memory\n512GB of SSD storage¹\n16-inch Retina display with True Tone\nMagic Keyboard\nTouch Bar and Touch ID\nFour Thunderbolt 3 ports", "rating": "5.00", "numReviews": 1, "price": "3499.00", "countInStock": 5, "createdAt": "2021-08-21T14:49:10.043Z", "isActive": true}}, {"model": "base.review", "pk": 1, "fields": {"product": 6, "user": 5, "name": "Harry Doe", "rating": 4, "comment": "Great device", "createdAt": "2021-08-28T09:00:02.486Z"}}, {"model": "base.review", "pk": 2, "fields": {"product": 5, "user": 7, "name": "Ram Kumar", "rating": 4, "comment": "Nice little mouse 🐭", "createdAt": "2021-08-28T10:36:22.438Z"}}, {"model": "base.review", "pk": 3, "fields": {"product": 5, "user": 5, "name": "Harry Page", "rating": 3, "comment": "Not so good 👍 , not so bad 👎 ", "createdAt": "2021-08-28T10:52:34.160Z"}}, {"model": "base.review", "pk": 4, "fields": {"product": 5, "user": 2, "name": "Pragya Basnet", "rating": 5, "comment": "Best mouse ever", "createdAt": "2021-08-28T11:03:21.068Z"}}, {"model": "base.review", "pk": 5, "fields": {"product": 6, "user": 2, "name": "Pragya Basnet", "rating": 2, "comment": "Worst thing to use", "createdAt": "2021-08-28T12:12:13.614Z"}}, {"model": "base.review", "pk": 8, "fields": {"product": 21, "user": 2, "name": "Pragya Basnet", "rating": 5, "comment": "Wow 🤩  just so good.", "createdAt": "2021-08-28T12:21:44.115Z"}}, {"model": "base.order", "pk": 2, "fields": {"user": 4, "paymentMethod": "PayPal", "taxPrice": "250.92", "shippingPrice": "0.00", "totalPrice": "3310.86", "isPaid": false, "paidAt": null, "isDelivered": false, "deliveredAt": null, "createdAt": "2021-08-15T07:56:35.788Z"}}, {"model": "base.order", "pk": 3, "fields": {"user": 5, "paymentMethod": "PayPal", "taxPrice": "32.80", "shippingPrice": "0.00", "totalPrice": "432.79", "isPaid": false, "paidAt": null, "isDelivered": false, "deliveredAt": null, "createdAt": "2021-08-15T08:15:36.709Z"}}, {"model": "base.order", "pk": 4, "fields": {"user": 7, "paymentMethod": "PayPal", "taxPrice": "33.62", "shippingPrice": "0.00", "totalPrice": "443.57", "isPaid": false, "paidAt": null, "isDelivered": false, "deliveredAt": null, "createdAt": "2021-08-16T09:12:55.205Z"}}, {"model": "base.order", "pk": 5, "fields": {"user": 7, "paymentMethod": "PayPal", "taxPrice": "76.26", "shippingPrice": "0.00", "totalPrice": "1006.25", "isPaid": true, "paidAt": "2021-08-19T02:15:59.598Z", "isDelivered": true, "deliveredAt": "2021-08-22T10:58:14.593Z", "createdAt": "2021-08-19T00:56:34.373Z"}}, {"model": "base.order", "pk": 6, "fields": {"user": 7, "paymentMethod": "PayPal", "taxPrice": "7.38", "shippingPrice": "10.00", "totalPrice": "107.37", "isPaid": true, "paidAt": "2021-08-22T11:00:01.439Z", "isDelivered": true, "deliveredAt": "2021-08-22T11:03:00.143Z", "createdAt": "2021-08-19T01:49:32.906Z"}}, {"model": "base.order", "pk": 7, "fields": {"user": null, "paymentMethod": "PayPal", "taxPrice": "86.10", "shippingPrice": "0.00", "totalPrice": "1136.05", "isPaid": false, "paidAt": null, "isDelivered": false, "deliveredAt": null, "createdAt": "2021-08-19T02:24:17.667Z"}}, {"model": "base.order", "pk": 8, "fields": {"user": null, "paymentMethod": "PayPal", "taxPrice": "152.52", "shippingPrice": "0.00", "totalPrice": "2012.50", "isPaid": false, "paidAt": null, "isDelivered": false, "deliveredAt": null, "createdAt": "2021-08-19T02:33:47.096Z"}}, {"model": "base.order", "pk": 9, "fields": {"user": null, "paymentMethod": "PayPal", "taxPrice": "29.52", "shippingPrice": "0.00", "totalPrice": "389.48", "isPaid": true, "paidAt": "2021-08-19T02:49:18.038Z", "isDelivered": false, "deliveredAt": null, "createdAt": "2021-08-19T02:36:17.655Z"}}, {"model": "base.orderitem", "pk": 1, "fields": {"product": 2, "order": null, "name": "Airpods Wireless Bluetooth Headphones", "qty": 3, "price": "89.99", "image": "/images/airpods.jpg"}}, {"model": "base.orderitem", "pk": 3, "fields": {"product": 2, "order": 2, "name": "Airpods Wireless Bluetooth Headphones", "qty": 3, "price": "89.99", "image": "/images/airpods.jpg"}}, {"model": "base.orderitem", "pk": 4, "fields": {"product": 3, "order": 2, "name": "Cannon EOS 80D DSLR Camera", "qty": 3, "price": "929.99", "image": "/images/camera.jpg"}}, {"model": "base.orderitem", "pk": 5, "fields": {"product": 4, "order": 3, "name": "Sony Playstation 4 Pro White Version", "qty": 1, "price": "399.99", "image": "/images/playstation.jpg"}}, {"model": "base.orderitem", "pk": 6, "fields": {"product": 5, "order": 4, "name": "Logitech G-Series Gaming Mouse", "qty": 1, "price": "49.99", "image": "/images/mouse.jpg"}}, {"model": "base.orderitem", "pk": 7, "fields": {"product": 2, "order": 4, "name": "Airpods Wireless Bluetooth Headphones", "qty": 4, "price": "89.99", "image": "/images/airpods.jpg"}}, {"model": "base.orderitem", "pk": 8, "fields": {"product": 3, "order": 5, "name": "Cannon EOS 80D DSLR Camera", "qty": 1, "price": "929.99", "image": "/images/camera.jpg"}}, {"model": "base.orderitem", "pk": 9, "fields": {"product": 2, "order": 6, "name": "Airpods Wireless Bluetooth Headphones", "qty": 1, "price": "89.99", "image": "/images/airpods.jpg"}}, {"model": "base.orderitem", "pk": 10, "fields": {"product": 3, "order": 7, "name": "Cannon EOS 80D DSLR Camera", "qty": 1, "price": "929.99", "image": "/images/camera.jpg"}}, {"model": "base.orderitem", "pk": 11, "fields": {"product": 6, "order": 7, "name": "Amazon Echo Dot 3rd Generation", "qty": 4, "price": "29.99", "image": "/images/alexa.jpg"}}, {"model": "base.orderitem", "pk": 12, "fields": {"product": 3, "order": 8, "name": "Cannon EOS 80D DSLR Camera", "qty": 2, "price": "929.99", "image": "/images/camera.jpg"}}, {"model": "base.orderitem", "pk": 13, "fields": {"product": 2, "order": 9, "name": "Airpods Wireless Bluetooth Headphones", "qty": 4, "price": "89.99", "image": "/images/airpods.jpg"}}, {"model": "base.shippingaddress", "pk": 2, "fields": {"order": 2, "address": "5/456 Railway Parade", "city": "Allawah", "province": "NSW", "postCode": "2218", "country": "Australia", "shippingPrice": null}}, {"model": "base.shippingaddress", "pk": 3, "fields": {"order": 3, "address": "15/20-24 Dalcassia Street", "city": "Hurstville", "province": "NSW", "postCode": "2220", "country": "Australia", "shippingPrice": null}}, {"model": "base.shippingaddress", "pk": 4, "fields": {"order": 4, "address": "15/20-24", "city": "Hurstville", "province": "NSW", "postCode": "2220", "country": "Australia", "shippingPrice": null}}, {"model": "base.shippingaddress", "pk": 5, "fields": {"order": 5, "address": "15/20-24 Dalcassia Street", "city": "Hurstville", "province": "NSW", "postCode": "2220", "country": "Australia", "shippingPrice": null}}, {"model": "base.shippingaddress", "pk": 6, "fields": {"order": 6, "address": "15/20-24 Dalcassia Street", "city": "Hurstville", "province": "NSW", "postCode": "2220", "country": "Australia", "shippingPrice": null}}, {"model": "base.shippingaddress", "pk": 7, "fields": {"order": 7, "address": "5/456 Railway Parade", "city": "Allawah", "province": "New South Wales", "postCode": "2218", "country": "Australia", "shippingPrice": null}}, {"model": "base.shippingaddress", "pk": 8, "fields": {"order": 8, "address": "5/456 Railway Parade", "city": "Allawah", "province": "New South Wales", "postCode": "2218", "country": "Australia", "shippingPrice": null}}, {"model": "base.shippingaddress", "pk": 9, "fields": {"order": 9, "address": "5/456 Railway Parade", "city": "Allawah", "province": "New South Wales", "postCode": "2218", "country": "Australia", "shippingPrice": null}}]